<?xml version="1.0" encoding="UTF-8"?><font><info face="RegularShowTitleCards-Rg" size="72" bold="0" italic="0" charset="" unicode="1" stretchH="100" smooth="1" aa="1" padding="1,1,1,1" spacing="1,1"/><common lineHeight="72" base="48" scaleW="234" scaleH="222" pages="1" packed="0"/><pages><page id="0" file="Unnamed.png"/></pages><chars count="37"><char id="32" x="0" y="0" width="0" height="0" xoffset="0" yoffset="0" xadvance="19" page="0" chnl="15"/><!--   --><char id="48" x="0" y="0" width="34" height="52" xoffset="1" yoffset="8" xadvance="36" page="0" chnl="15"/><!-- 0 --><char id="49" x="169" y="0" width="22" height="51" xoffset="7" yoffset="8" xadvance="36" page="0" chnl="15"/><!-- 1 --><char id="50" x="192" y="0" width="35" height="51" xoffset="0" yoffset="8" xadvance="36" page="0" chnl="15"/><!-- 2 --><char id="51" x="35" y="0" width="31" height="52" xoffset="1" yoffset="8" xadvance="36" page="0" chnl="15"/><!-- 3 --><char id="52" x="0" y="53" width="36" height="51" xoffset="-1" yoffset="8" xadvance="36" page="0" chnl="15"/><!-- 4 --><char id="53" x="37" y="53" width="31" height="51" xoffset="2" yoffset="9" xadvance="36" page="0" chnl="15"/><!-- 5 --><char id="54" x="67" y="0" width="34" height="52" xoffset="1" yoffset="8" xadvance="36" page="0" chnl="15"/><!-- 6 --><char id="55" x="69" y="53" width="34" height="51" xoffset="1" yoffset="9" xadvance="36" page="0" chnl="15"/><!-- 7 --><char id="56" x="102" y="0" width="31" height="52" xoffset="3" yoffset="8" xadvance="36" page="0" chnl="15"/><!-- 8 --><char id="57" x="134" y="0" width="34" height="52" xoffset="1" yoffset="8" xadvance="36" page="0" chnl="15"/><!-- 9 --><char id="65" x="133" y="53" width="27" height="46" xoffset="3" yoffset="1" xadvance="33" page="0" chnl="15"/><!-- A --><char id="66" x="72" y="105" width="36" height="40" xoffset="3" yoffset="2" xadvance="42" page="0" chnl="15"/><!-- B --><char id="67" x="41" y="105" width="30" height="41" xoffset="2" yoffset="1" xadvance="35" page="0" chnl="15"/><!-- C --><char id="68" x="175" y="105" width="32" height="37" xoffset="3" yoffset="3" xadvance="38" page="0" chnl="15"/><!-- D --><char id="69" x="75" y="148" width="30" height="36" xoffset="2" yoffset="4" xadvance="36" page="0" chnl="15"/><!-- E --><char id="70" x="106" y="148" width="32" height="36" xoffset="2" yoffset="4" xadvance="37" page="0" chnl="15"/><!-- F --><char id="71" x="139" y="148" width="33" height="36" xoffset="2" yoffset="4" xadvance="38" page="0" chnl="15"/><!-- G --><char id="72" x="104" y="53" width="28" height="47" xoffset="2" yoffset="-1" xadvance="33" page="0" chnl="15"/><!-- H --><char id="74" x="161" y="53" width="23" height="44" xoffset="3" yoffset="3" xadvance="29" page="0" chnl="15"/><!-- J --><char id="75" x="30" y="186" width="31" height="35" xoffset="2" yoffset="4" xadvance="37" page="0" chnl="15"/><!-- K --><char id="76" x="210" y="53" width="24" height="35" xoffset="2" yoffset="3" xadvance="29" page="0" chnl="15"/><!-- L --><char id="77" x="91" y="186" width="46" height="33" xoffset="3" yoffset="8" xadvance="52" page="0" chnl="15"/><!-- M --><char id="78" x="187" y="186" width="42" height="29" xoffset="3" yoffset="10" xadvance="48" page="0" chnl="15"/><!-- N --><char id="79" x="173" y="148" width="32" height="36" xoffset="3" yoffset="5" xadvance="38" page="0" chnl="15"/><!-- O --><char id="80" x="109" y="105" width="26" height="39" xoffset="2" yoffset="2" xadvance="31" page="0" chnl="15"/><!-- P --><char id="81" x="0" y="105" width="40" height="42" xoffset="3" yoffset="3" xadvance="46" page="0" chnl="15"/><!-- Q --><char id="82" x="0" y="186" width="29" height="36" xoffset="2" yoffset="4" xadvance="34" page="0" chnl="15"/><!-- R --><char id="83" x="206" y="148" width="25" height="36" xoffset="3" yoffset="4" xadvance="31" page="0" chnl="15"/><!-- S --><char id="84" x="150" y="186" width="36" height="32" xoffset="3" yoffset="5" xadvance="43" page="0" chnl="15"/><!-- T --><char id="85" x="62" y="186" width="28" height="35" xoffset="2" yoffset="6" xadvance="33" page="0" chnl="15"/><!-- U --><char id="86" x="208" y="105" width="26" height="35" xoffset="2" yoffset="6" xadvance="31" page="0" chnl="15"/><!-- V --><char id="87" x="136" y="105" width="38" height="38" xoffset="3" yoffset="5" xadvance="43" page="0" chnl="15"/><!-- W --><char id="88" x="0" y="148" width="35" height="37" xoffset="3" yoffset="6" xadvance="41" page="0" chnl="15"/><!-- X --><char id="89" x="185" y="53" width="24" height="43" xoffset="2" yoffset="0" xadvance="29" page="0" chnl="15"/><!-- Y --><char id="90" x="36" y="148" width="38" height="37" xoffset="3" yoffset="3" xadvance="45" page="0" chnl="15"/><!-- Z --><char id="105" x="138" y="186" width="11" height="33" xoffset="2" yoffset="12" xadvance="16" page="0" chnl="15"/><!-- i --></chars></font>