<?xml version="1.0" encoding="UTF-8"?><font><info face="VCROSDMono" size="72" bold="0" italic="0" charset="" unicode="1" stretchH="100" smooth="1" aa="1" padding="1,1,1,1" spacing="1,1"/><common lineHeight="72" base="63" scaleW="399" scaleH="404" pages="1" packed="0"/><pages><page id="0" file="Unnamed.png"/></pages><chars count="91"><char id="32" x="0" y="0" width="0" height="0" xoffset="0" yoffset="0" xadvance="43" page="0" chnl="15"/><!--   --><char id="33" x="343" y="180" width="10" height="51" xoffset="13" yoffset="10" xadvance="43" page="0" chnl="15"/><!-- ! --><char id="34" x="343" y="52" width="31" height="16" xoffset="6" yoffset="10" xadvance="43" page="0" chnl="15"/><!-- " --><char id="35" x="265" y="104" width="38" height="48" xoffset="2" yoffset="10" xadvance="43" page="0" chnl="15"/><!-- # --><char id="36" x="265" y="52" width="38" height="51" xoffset="2" yoffset="10" xadvance="43" page="0" chnl="15"/><!-- $ --><char id="37" x="226" y="260" width="38" height="51" xoffset="2" yoffset="10" xadvance="43" page="0" chnl="15"/><!-- % --><char id="38" x="0" y="63" width="38" height="58" xoffset="2" yoffset="3" xadvance="43" page="0" chnl="15"/><!-- & --><char id="39" x="46" y="233" width="13" height="16" xoffset="13" yoffset="10" xadvance="43" page="0" chnl="15"/><!-- ' --><char id="40" x="46" y="53" width="21" height="58" xoffset="9" yoffset="3" xadvance="43" page="0" chnl="15"/><!-- ( --><char id="41" x="46" y="112" width="20" height="58" xoffset="13" yoffset="3" xadvance="43" page="0" chnl="15"/><!-- ) --><char id="42" x="304" y="370" width="31" height="33" xoffset="6" yoffset="7" xadvance="43" page="0" chnl="15"/><!-- * --><char id="43" x="304" y="332" width="38" height="37" xoffset="2" yoffset="17" xadvance="43" page="0" chnl="15"/><!-- + --><char id="44" x="46" y="216" width="17" height="16" xoffset="9" yoffset="45" xadvance="43" page="0" chnl="15"/><!-- , --><char id="45" x="343" y="69" width="30" height="10" xoffset="6" yoffset="31" xadvance="43" page="0" chnl="15"/><!-- - --><char id="46" x="343" y="232" width="9" height="10" xoffset="13" yoffset="52" xadvance="43" page="0" chnl="15"/><!-- . --><char id="47" x="265" y="0" width="38" height="51" xoffset="2" yoffset="10" xadvance="43" page="0" chnl="15"/><!-- / --><char id="48" x="0" y="122" width="38" height="51" xoffset="2" yoffset="10" xadvance="43" page="0" chnl="15"/><!-- 0 --><char id="49" x="375" y="291" width="24" height="51" xoffset="9" yoffset="10" xadvance="43" page="0" chnl="15"/><!-- 1 --><char id="50" x="0" y="174" width="38" height="51" xoffset="2" yoffset="10" xadvance="43" page="0" chnl="15"/><!-- 2 --><char id="51" x="0" y="226" width="38" height="51" xoffset="2" yoffset="10" xadvance="43" page="0" chnl="15"/><!-- 3 --><char id="52" x="0" y="278" width="38" height="51" xoffset="2" yoffset="10" xadvance="43" page="0" chnl="15"/><!-- 4 --><char id="53" x="0" y="330" width="38" height="51" xoffset="2" yoffset="10" xadvance="43" page="0" chnl="15"/><!-- 5 --><char id="54" x="70" y="0" width="38" height="51" xoffset="2" yoffset="10" xadvance="43" page="0" chnl="15"/><!-- 6 --><char id="55" x="70" y="52" width="38" height="51" xoffset="2" yoffset="10" xadvance="43" page="0" chnl="15"/><!-- 7 --><char id="56" x="70" y="104" width="38" height="51" xoffset="2" yoffset="10" xadvance="43" page="0" chnl="15"/><!-- 8 --><char id="57" x="70" y="156" width="38" height="51" xoffset="2" yoffset="10" xadvance="43" page="0" chnl="15"/><!-- 9 --><char id="58" x="46" y="363" width="10" height="37" xoffset="13" yoffset="17" xadvance="43" page="0" chnl="15"/><!-- : --><char id="59" x="46" y="171" width="17" height="44" xoffset="6" yoffset="17" xadvance="43" page="0" chnl="15"/><!-- ; --><char id="61" x="265" y="378" width="38" height="23" xoffset="2" yoffset="24" xadvance="43" page="0" chnl="15"/><!-- = --><char id="63" x="226" y="312" width="38" height="51" xoffset="2" yoffset="10" xadvance="43" page="0" chnl="15"/><!-- ? --><char id="64" x="304" y="0" width="38" height="44" xoffset="2" yoffset="14" xadvance="43" page="0" chnl="15"/><!-- @ --><char id="65" x="109" y="52" width="38" height="51" xoffset="2" yoffset="10" xadvance="43" page="0" chnl="15"/><!-- A --><char id="66" x="109" y="104" width="38" height="51" xoffset="2" yoffset="10" xadvance="43" page="0" chnl="15"/><!-- B --><char id="67" x="109" y="156" width="38" height="51" xoffset="2" yoffset="10" xadvance="43" page="0" chnl="15"/><!-- C --><char id="68" x="109" y="208" width="38" height="51" xoffset="2" yoffset="10" xadvance="43" page="0" chnl="15"/><!-- D --><char id="69" x="109" y="260" width="38" height="51" xoffset="2" yoffset="10" xadvance="43" page="0" chnl="15"/><!-- E --><char id="70" x="109" y="312" width="38" height="51" xoffset="2" yoffset="10" xadvance="43" page="0" chnl="15"/><!-- F --><char id="71" x="148" y="0" width="38" height="51" xoffset="2" yoffset="10" xadvance="43" page="0" chnl="15"/><!-- G --><char id="72" x="148" y="52" width="38" height="51" xoffset="2" yoffset="10" xadvance="43" page="0" chnl="15"/><!-- H --><char id="73" x="343" y="80" width="24" height="51" xoffset="9" yoffset="10" xadvance="43" page="0" chnl="15"/><!-- I --><char id="74" x="148" y="104" width="38" height="51" xoffset="2" yoffset="10" xadvance="43" page="0" chnl="15"/><!-- J --><char id="75" x="148" y="156" width="38" height="51" xoffset="2" yoffset="10" xadvance="43" page="0" chnl="15"/><!-- K --><char id="76" x="148" y="208" width="38" height="51" xoffset="2" yoffset="10" xadvance="43" page="0" chnl="15"/><!-- L --><char id="77" x="148" y="260" width="38" height="51" xoffset="2" yoffset="10" xadvance="43" page="0" chnl="15"/><!-- M --><char id="78" x="148" y="312" width="38" height="51" xoffset="2" yoffset="10" xadvance="43" page="0" chnl="15"/><!-- N --><char id="79" x="187" y="0" width="38" height="51" xoffset="2" yoffset="10" xadvance="43" page="0" chnl="15"/><!-- O --><char id="80" x="187" y="52" width="38" height="51" xoffset="2" yoffset="10" xadvance="43" page="0" chnl="15"/><!-- P --><char id="81" x="187" y="104" width="38" height="51" xoffset="2" yoffset="10" xadvance="43" page="0" chnl="15"/><!-- Q --><char id="82" x="187" y="156" width="38" height="51" xoffset="2" yoffset="10" xadvance="43" page="0" chnl="15"/><!-- R --><char id="83" x="187" y="208" width="38" height="51" xoffset="2" yoffset="10" xadvance="43" page="0" chnl="15"/><!-- S --><char id="84" x="187" y="260" width="38" height="51" xoffset="2" yoffset="10" xadvance="43" page="0" chnl="15"/><!-- T --><char id="85" x="187" y="312" width="38" height="51" xoffset="2" yoffset="10" xadvance="43" page="0" chnl="15"/><!-- U --><char id="86" x="226" y="0" width="38" height="51" xoffset="2" yoffset="10" xadvance="43" page="0" chnl="15"/><!-- V --><char id="87" x="226" y="52" width="38" height="51" xoffset="2" yoffset="10" xadvance="43" page="0" chnl="15"/><!-- W --><char id="88" x="226" y="104" width="38" height="51" xoffset="2" yoffset="10" xadvance="43" page="0" chnl="15"/><!-- X --><char id="89" x="226" y="156" width="38" height="51" xoffset="2" yoffset="10" xadvance="43" page="0" chnl="15"/><!-- Y --><char id="90" x="226" y="208" width="38" height="51" xoffset="2" yoffset="10" xadvance="43" page="0" chnl="15"/><!-- Z --><char id="91" x="375" y="118" width="24" height="58" xoffset="13" yoffset="3" xadvance="43" page="0" chnl="15"/><!-- [ --><char id="93" x="375" y="177" width="24" height="58" xoffset="6" yoffset="3" xadvance="43" page="0" chnl="15"/><!-- ] --><char id="94" x="0" y="382" width="38" height="20" xoffset="2" yoffset="10" xadvance="43" page="0" chnl="15"/><!-- ^ --><char id="95" x="0" y="53" width="45" height="9" xoffset="-1" yoffset="56" xadvance="43" page="0" chnl="15"/><!-- _ --><char id="97" x="265" y="153" width="38" height="44" xoffset="2" yoffset="17" xadvance="43" page="0" chnl="15"/><!-- a --><char id="98" x="70" y="208" width="38" height="51" xoffset="2" yoffset="10" xadvance="43" page="0" chnl="15"/><!-- b --><char id="99" x="70" y="364" width="38" height="40" xoffset="2" yoffset="21" xadvance="43" page="0" chnl="15"/><!-- c --><char id="100" x="70" y="260" width="38" height="51" xoffset="2" yoffset="10" xadvance="43" page="0" chnl="15"/><!-- d --><char id="101" x="109" y="364" width="38" height="40" xoffset="2" yoffset="21" xadvance="43" page="0" chnl="15"/><!-- e --><char id="102" x="343" y="0" width="31" height="51" xoffset="6" yoffset="10" xadvance="43" page="0" chnl="15"/><!-- f --><char id="103" x="265" y="198" width="38" height="44" xoffset="2" yoffset="17" xadvance="43" page="0" chnl="15"/><!-- g --><char id="104" x="70" y="312" width="38" height="51" xoffset="2" yoffset="10" xadvance="43" page="0" chnl="15"/><!-- h --><char id="105" x="343" y="132" width="24" height="47" xoffset="9" yoffset="14" xadvance="43" page="0" chnl="15"/><!-- i --><char id="106" x="375" y="236" width="24" height="54" xoffset="9" yoffset="7" xadvance="43" page="0" chnl="15"/><!-- j --><char id="107" x="109" y="0" width="38" height="51" xoffset="2" yoffset="10" xadvance="43" page="0" chnl="15"/><!-- k --><char id="108" x="46" y="310" width="10" height="52" xoffset="16" yoffset="10" xadvance="43" page="0" chnl="15"/><!-- l --><char id="109" x="148" y="364" width="38" height="40" xoffset="2" yoffset="21" xadvance="43" page="0" chnl="15"/><!-- m --><char id="110" x="187" y="364" width="38" height="40" xoffset="2" yoffset="21" xadvance="43" page="0" chnl="15"/><!-- n --><char id="111" x="226" y="364" width="38" height="40" xoffset="2" yoffset="21" xadvance="43" page="0" chnl="15"/><!-- o --><char id="112" x="265" y="243" width="38" height="44" xoffset="2" yoffset="17" xadvance="43" page="0" chnl="15"/><!-- p --><char id="113" x="265" y="288" width="38" height="44" xoffset="2" yoffset="17" xadvance="43" page="0" chnl="15"/><!-- q --><char id="114" x="304" y="45" width="38" height="40" xoffset="2" yoffset="21" xadvance="43" page="0" chnl="15"/><!-- r --><char id="115" x="304" y="86" width="38" height="40" xoffset="2" yoffset="21" xadvance="43" page="0" chnl="15"/><!-- s --><char id="116" x="375" y="343" width="24" height="51" xoffset="9" yoffset="10" xadvance="43" page="0" chnl="15"/><!-- t --><char id="117" x="304" y="127" width="38" height="40" xoffset="2" yoffset="21" xadvance="43" page="0" chnl="15"/><!-- u --><char id="118" x="304" y="168" width="38" height="40" xoffset="2" yoffset="21" xadvance="43" page="0" chnl="15"/><!-- v --><char id="119" x="304" y="209" width="38" height="40" xoffset="2" yoffset="21" xadvance="43" page="0" chnl="15"/><!-- w --><char id="120" x="304" y="250" width="38" height="40" xoffset="2" yoffset="21" xadvance="43" page="0" chnl="15"/><!-- x --><char id="121" x="265" y="333" width="38" height="44" xoffset="2" yoffset="17" xadvance="43" page="0" chnl="15"/><!-- y --><char id="122" x="304" y="291" width="38" height="40" xoffset="2" yoffset="21" xadvance="43" page="0" chnl="15"/><!-- z --><char id="123" x="375" y="0" width="24" height="58" xoffset="9" yoffset="3" xadvance="43" page="0" chnl="15"/><!-- { --><char id="124" x="46" y="250" width="10" height="59" xoffset="16" yoffset="3" xadvance="43" page="0" chnl="15"/><!-- | --><char id="125" x="375" y="59" width="24" height="58" xoffset="9" yoffset="3" xadvance="43" page="0" chnl="15"/><!-- } --><char id="8470" x="0" y="0" width="69" height="52" xoffset="-1" yoffset="22" xadvance="69" page="0" chnl="15"/><!-- № --></chars></font>