<?xml version="1.0" encoding="UTF-8"?><font><info face="RegularShowTitleCard-Rg" size="72" bold="0" italic="0" charset="" unicode="1" stretchH="100" smooth="1" aa="1" padding="1,1,1,1" spacing="1,1"/><common lineHeight="72" base="48" scaleW="334" scaleH="334" pages="1" packed="0"/><pages><page id="0" file="Unnamed.png"/></pages><chars count="91"><char id="32" x="0" y="0" width="0" height="0" xoffset="0" yoffset="0" xadvance="19" page="0" chnl="15"/><!--   --><char id="33" x="319" y="143" width="12" height="48" xoffset="2" yoffset="0" xadvance="17" page="0" chnl="15"/><!-- ! --><char id="34" x="149" y="307" width="22" height="16" xoffset="2" yoffset="2" xadvance="27" page="0" chnl="15"/><!-- " --><char id="35" x="70" y="196" width="36" height="52" xoffset="0" yoffset="8" xadvance="36" page="0" chnl="15"/><!-- # --><char id="36" x="112" y="167" width="32" height="60" xoffset="2" yoffset="5" xadvance="36" page="0" chnl="15"/><!-- $ --><char id="37" x="0" y="53" width="58" height="52" xoffset="1" yoffset="8" xadvance="60" page="0" chnl="15"/><!-- % --><char id="38" x="0" y="106" width="55" height="52" xoffset="1" yoffset="8" xadvance="57" page="0" chnl="15"/><!-- & --><char id="39" x="182" y="314" width="16" height="14" xoffset="2" yoffset="4" xadvance="21" page="0" chnl="15"/><!-- ' --><char id="40" x="319" y="0" width="15" height="48" xoffset="2" yoffset="2" xadvance="20" page="0" chnl="15"/><!-- ( --><char id="41" x="319" y="49" width="15" height="45" xoffset="3" yoffset="3" xadvance="21" page="0" chnl="15"/><!-- ) --><char id="42" x="182" y="73" width="30" height="31" xoffset="3" yoffset="7" xadvance="36" page="0" chnl="15"/><!-- * --><char id="43" x="112" y="308" width="21" height="23" xoffset="3" yoffset="9" xadvance="27" page="0" chnl="15"/><!-- + --><char id="44" x="94" y="315" width="12" height="14" xoffset="3" yoffset="32" xadvance="18" page="0" chnl="15"/><!-- , --><char id="45" x="149" y="324" width="19" height="9" xoffset="2" yoffset="22" xadvance="24" page="0" chnl="15"/><!-- - --><char id="46" x="199" y="314" width="11" height="8" xoffset="2" yoffset="33" xadvance="16" page="0" chnl="15"/><!-- . --><char id="47" x="295" y="286" width="16" height="33" xoffset="3" yoffset="8" xadvance="23" page="0" chnl="15"/><!-- / --><char id="48" x="149" y="268" width="30" height="38" xoffset="2" yoffset="2" xadvance="35" page="0" chnl="15"/><!-- 0 --><char id="49" x="112" y="228" width="32" height="41" xoffset="3" yoffset="2" xadvance="38" page="0" chnl="15"/><!-- 1 --><char id="50" x="213" y="114" width="27" height="36" xoffset="3" yoffset="4" xadvance="33" page="0" chnl="15"/><!-- 2 --><char id="51" x="213" y="225" width="27" height="35" xoffset="3" yoffset="4" xadvance="33" page="0" chnl="15"/><!-- 3 --><char id="52" x="149" y="227" width="30" height="40" xoffset="2" yoffset="2" xadvance="35" page="0" chnl="15"/><!-- 4 --><char id="53" x="182" y="105" width="29" height="38" xoffset="3" yoffset="2" xadvance="35" page="0" chnl="15"/><!-- 5 --><char id="54" x="149" y="74" width="31" height="40" xoffset="2" yoffset="1" xadvance="36" page="0" chnl="15"/><!-- 6 --><char id="55" x="269" y="283" width="23" height="38" xoffset="3" yoffset="1" xadvance="29" page="0" chnl="15"/><!-- 7 --><char id="56" x="182" y="272" width="28" height="41" xoffset="2" yoffset="2" xadvance="33" page="0" chnl="15"/><!-- 8 --><char id="57" x="182" y="229" width="28" height="42" xoffset="2" yoffset="0" xadvance="33" page="0" chnl="15"/><!-- 9 --><char id="58" x="94" y="290" width="12" height="24" xoffset="2" yoffset="14" xadvance="17" page="0" chnl="15"/><!-- : --><char id="59" x="319" y="95" width="14" height="47" xoffset="3" yoffset="24" xadvance="21" page="0" chnl="15"/><!-- ; --><char id="61" x="70" y="22" width="41" height="16" xoffset="0" yoffset="26" xadvance="41" page="0" chnl="15"/><!-- = --><char id="63" x="295" y="239" width="17" height="46" xoffset="3" yoffset="1" xadvance="23" page="0" chnl="15"/><!-- ? --><char id="64" x="0" y="193" width="42" height="45" xoffset="3" yoffset="2" xadvance="48" page="0" chnl="15"/><!-- @ --><char id="65" x="213" y="67" width="27" height="46" xoffset="3" yoffset="1" xadvance="33" page="0" chnl="15"/><!-- A --><char id="66" x="70" y="249" width="36" height="40" xoffset="3" yoffset="2" xadvance="42" page="0" chnl="15"/><!-- B --><char id="67" x="149" y="185" width="30" height="41" xoffset="2" yoffset="1" xadvance="35" page="0" chnl="15"/><!-- C --><char id="68" x="112" y="270" width="32" height="37" xoffset="3" yoffset="3" xadvance="38" page="0" chnl="15"/><!-- D --><char id="69" x="182" y="0" width="30" height="36" xoffset="2" yoffset="4" xadvance="36" page="0" chnl="15"/><!-- E --><char id="70" x="149" y="0" width="32" height="36" xoffset="2" yoffset="4" xadvance="37" page="0" chnl="15"/><!-- F --><char id="71" x="112" y="99" width="33" height="36" xoffset="2" yoffset="4" xadvance="38" page="0" chnl="15"/><!-- G --><char id="72" x="182" y="181" width="28" height="47" xoffset="2" yoffset="-1" xadvance="33" page="0" chnl="15"/><!-- H --><char id="73" x="59" y="53" width="9" height="36" xoffset="2" yoffset="3" xadvance="14" page="0" chnl="15"/><!-- I --><char id="74" x="70" y="290" width="23" height="44" xoffset="3" yoffset="3" xadvance="29" page="0" chnl="15"/><!-- J --><char id="75" x="149" y="115" width="31" height="35" xoffset="2" yoffset="4" xadvance="37" page="0" chnl="15"/><!-- K --><char id="76" x="269" y="247" width="24" height="35" xoffset="2" yoffset="3" xadvance="29" page="0" chnl="15"/><!-- L --><char id="77" x="0" y="159" width="46" height="33" xoffset="3" yoffset="8" xadvance="52" page="0" chnl="15"/><!-- M --><char id="78" x="0" y="239" width="42" height="29" xoffset="3" yoffset="10" xadvance="48" page="0" chnl="15"/><!-- N --><char id="79" x="149" y="37" width="32" height="36" xoffset="3" yoffset="5" xadvance="38" page="0" chnl="15"/><!-- O --><char id="80" x="242" y="0" width="26" height="39" xoffset="2" yoffset="2" xadvance="31" page="0" chnl="15"/><!-- P --><char id="81" x="70" y="39" width="40" height="42" xoffset="3" yoffset="3" xadvance="46" page="0" chnl="15"/><!-- Q --><char id="82" x="182" y="144" width="29" height="36" xoffset="2" yoffset="4" xadvance="34" page="0" chnl="15"/><!-- R --><char id="83" x="242" y="224" width="25" height="36" xoffset="3" yoffset="4" xadvance="31" page="0" chnl="15"/><!-- S --><char id="84" x="112" y="0" width="36" height="32" xoffset="3" yoffset="5" xadvance="43" page="0" chnl="15"/><!-- T --><char id="85" x="213" y="0" width="28" height="35" xoffset="2" yoffset="6" xadvance="33" page="0" chnl="15"/><!-- U --><char id="86" x="242" y="153" width="26" height="35" xoffset="2" yoffset="6" xadvance="31" page="0" chnl="15"/><!-- V --><char id="87" x="70" y="88" width="38" height="38" xoffset="3" yoffset="5" xadvance="43" page="0" chnl="15"/><!-- W --><char id="88" x="112" y="33" width="35" height="37" xoffset="3" yoffset="6" xadvance="41" page="0" chnl="15"/><!-- X --><char id="89" x="269" y="166" width="24" height="43" xoffset="2" yoffset="0" xadvance="29" page="0" chnl="15"/><!-- Y --><char id="90" x="70" y="127" width="38" height="37" xoffset="3" yoffset="3" xadvance="45" page="0" chnl="15"/><!-- Z --><char id="91" x="0" y="269" width="19" height="65" xoffset="4" yoffset="8" xadvance="24" page="0" chnl="15"/><!-- [ --><char id="93" x="20" y="269" width="19" height="65" xoffset="1" yoffset="8" xadvance="24" page="0" chnl="15"/><!-- ] --><char id="94" x="112" y="71" width="34" height="27" xoffset="0" yoffset="8" xadvance="34" page="0" chnl="15"/><!-- ^ --><char id="95" x="70" y="82" width="40" height="5" xoffset="-2" yoffset="70" xadvance="36" page="0" chnl="15"/><!-- _ --><char id="97" x="213" y="151" width="27" height="36" xoffset="3" yoffset="7" xadvance="34" page="0" chnl="15"/><!-- a --><char id="98" x="242" y="79" width="26" height="36" xoffset="2" yoffset="7" xadvance="31" page="0" chnl="15"/><!-- b --><char id="99" x="295" y="68" width="23" height="32" xoffset="2" yoffset="9" xadvance="29" page="0" chnl="15"/><!-- c --><char id="100" x="295" y="173" width="21" height="33" xoffset="2" yoffset="8" xadvance="26" page="0" chnl="15"/><!-- d --><char id="101" x="269" y="0" width="25" height="32" xoffset="2" yoffset="11" xadvance="31" page="0" chnl="15"/><!-- e --><char id="102" x="242" y="116" width="26" height="36" xoffset="2" yoffset="7" xadvance="31" page="0" chnl="15"/><!-- f --><char id="103" x="242" y="40" width="26" height="38" xoffset="2" yoffset="8" xadvance="31" page="0" chnl="15"/><!-- g --><char id="104" x="213" y="293" width="26" height="39" xoffset="2" yoffset="7" xadvance="31" page="0" chnl="15"/><!-- h --><char id="105" x="319" y="192" width="11" height="33" xoffset="2" yoffset="12" xadvance="16" page="0" chnl="15"/><!-- i --><char id="106" x="242" y="295" width="22" height="39" xoffset="2" yoffset="7" xadvance="27" page="0" chnl="15"/><!-- j --><char id="107" x="269" y="210" width="24" height="36" xoffset="2" yoffset="6" xadvance="29" page="0" chnl="15"/><!-- k --><char id="108" x="213" y="188" width="27" height="36" xoffset="3" yoffset="6" xadvance="32" page="0" chnl="15"/><!-- l --><char id="109" x="70" y="165" width="37" height="30" xoffset="3" yoffset="12" xadvance="42" page="0" chnl="15"/><!-- m --><char id="110" x="112" y="136" width="33" height="30" xoffset="3" yoffset="11" xadvance="38" page="0" chnl="15"/><!-- n --><char id="111" x="213" y="261" width="27" height="31" xoffset="2" yoffset="11" xadvance="32" page="0" chnl="15"/><!-- o --><char id="112" x="295" y="134" width="22" height="38" xoffset="2" yoffset="8" xadvance="27" page="0" chnl="15"/><!-- p --><char id="113" x="182" y="37" width="30" height="35" xoffset="2" yoffset="9" xadvance="35" page="0" chnl="15"/><!-- q --><char id="114" x="242" y="189" width="26" height="34" xoffset="2" yoffset="11" xadvance="31" page="0" chnl="15"/><!-- r --><char id="115" x="295" y="207" width="18" height="31" xoffset="3" yoffset="11" xadvance="24" page="0" chnl="15"/><!-- s --><char id="116" x="149" y="151" width="31" height="33" xoffset="3" yoffset="11" xadvance="37" page="0" chnl="15"/><!-- t --><char id="117" x="269" y="66" width="25" height="31" xoffset="2" yoffset="11" xadvance="30" page="0" chnl="15"/><!-- u --><char id="118" x="269" y="33" width="25" height="32" xoffset="3" yoffset="10" xadvance="31" page="0" chnl="15"/><!-- v --><char id="119" x="70" y="0" width="41" height="21" xoffset="3" yoffset="21" xadvance="47" page="0" chnl="15"/><!-- w --><char id="120" x="295" y="101" width="23" height="32" xoffset="3" yoffset="11" xadvance="29" page="0" chnl="15"/><!-- x --><char id="121" x="242" y="261" width="25" height="33" xoffset="2" yoffset="11" xadvance="30" page="0" chnl="15"/><!-- y --><char id="122" x="213" y="36" width="28" height="30" xoffset="2" yoffset="11" xadvance="33" page="0" chnl="15"/><!-- z --><char id="123" x="295" y="0" width="23" height="67" xoffset="8" yoffset="7" xadvance="35" page="0" chnl="15"/><!-- { --><char id="124" x="59" y="90" width="6" height="67" xoffset="4" yoffset="7" xadvance="15" page="0" chnl="15"/><!-- | --><char id="125" x="269" y="98" width="24" height="67" xoffset="4" yoffset="7" xadvance="35" page="0" chnl="15"/><!-- } --><char id="8470" x="0" y="0" width="69" height="52" xoffset="-1" yoffset="8" xadvance="69" page="0" chnl="15"/><!-- № --></chars></font>